patient,rmse,mav,var,energy,mnf,mdf,zc,fr,mav_arr_0,mav_arr_1,mav_arr_2,mav_arr_3,std_0,std_1,std_2,std_3
2.0,0.8596456188316108,0.5447894107186084,0.7390152238171772,22169.717699291497,227.00757882478962,408.06666666666666,15317.0,1.5385100707493413,0.14686946430339798,0.7584509465666044,0.6838207811875459,0.4190574422552885,0.31891216934085637,1.6340120613320848,1.325467288435783,0.690969556066217
2.0,0.32248901731427504,0.2605710854077371,0.10400263304276154,3119.9749886498034,292.9575389425336,374.76666666666665,17446.0,0.9464069806354755,0.04049715092124282,0.19241114388117866,0.2739489847193156,0.29285920172818525,0.06508903174129894,0.307509019968757,0.43755274175727316,0.46481207220505716
2.0,0.3128909352456245,0.25192469692992614,0.09790400082557577,2937.022120766447,296.17971169161575,374.1,17469.0,0.9599279290233336,0.03883504564741688,0.20286841002813583,0.264768584459968,0.27886820807703555,0.06345838670352286,0.3306679026979647,0.4244125145326742,0.4482425926903098
2.0,0.3252956225920623,0.26292347843166136,0.10582076943653865,3174.5172623267226,308.82232595227896,378.1,19020.0,0.8932591903685296,0.03691984149759524,0.19065193336496056,0.24722233465536844,0.3121878532517818,0.059951814939696625,0.31747554255083543,0.39900708638257715,0.49514882041454084
2.0,0.3063484445206483,0.24597682110150357,0.09385249787681663,2815.481083806622,301.5960677385621,376.1,17825.0,0.9363675956607703,0.037167347193084024,0.19105604371751533,0.24801112956589044,0.2798869112015879,0.05993523571432498,0.3077781117771404,0.4055145133189645,0.4486645251700347
2.0,0.31781862012855966,0.2556037741651779,0.10101204236850067,3030.2602590126517,297.3540358888155,373.8333333333333,17551.0,0.940272666251708,0.03953062110042468,0.19932192246588304,0.26797115505987795,0.28633351809756263,0.06497332633235471,0.3249978904059348,0.4248104288609513,0.4569233017842466
2.0,0.40112720999590296,0.2945672863187341,0.1609084022125043,4827.091157972916,265.59766393480885,374.5333333333333,16510.0,1.0697959368912697,0.05251124250433052,0.25516365901345117,0.338114190554275,0.3021635225994463,0.10658793586021552,0.5107306956392774,0.6117683490615056,0.49009527584144386
