filename,patient,rmse,mav,var,energy,mnf,mdf,zc,fr,mav_arr_0,mav_arr_1,mav_arr_2,mav_arr_3,std_0,std_1,std_2,std_3
02-05-24_09-02-59_stroophard.txt,2,0.8596456188314396,0.5447894107185,0.7390152238168828,22169.717699282664,227.00757882478973,408.06666666666666,15317,1.5385100707493395,0.14686946430336836,0.7584509465664523,0.6838207811874103,0.41905744225520525,0.3189121693407918,1.634012061331757,1.3254672884355199,0.6909695560660799
02-05-24_09-02-59_stroophard.txt,2,0.322489017314211,0.2605710854076853,0.10400263304272024,3119.9749886485642,292.9575389425335,374.76666666666665,17446,0.9464069806354755,0.04049715092123472,0.1924111438811403,0.27394898471926127,0.2928592017281271,0.06508903174128595,0.3075090199686957,0.4375527417571864,0.46481207220496484
02-05-24_09-02-59_stroophard.txt,2,0.31289093524556233,0.25192469692987607,0.09790400082553688,2937.0221207652808,296.17971169161575,374.1,17469,0.9599279290233335,0.03883504564740916,0.2028684100280954,0.26476858445991547,0.2788682080769801,0.06345838670351019,0.3306679026978988,0.42441251453259005,0.44824259269022076
02-05-24_09-02-59_stroophard.txt,2,0.3252956225919977,0.2629234784316092,0.1058207694364966,3174.517262325461,308.82232595227896,378.1,19020,0.8932591903685294,0.03691984149758777,0.1906519333649226,0.24722233465531943,0.31218785325171977,0.0599518149396845,0.3174755425507722,0.39900708638249804,0.4951488204144425
02-05-24_09-02-59_stroophard.txt,2,0.30634844452058746,0.24597682110145477,0.09385249787677934,2815.481083805503,301.5960677385621,376.1,17825,0.9363675956607704,0.037167347193076614,0.19105604371747725,0.24801112956584126,0.2798869112015322,0.05993523571431303,0.30777811177707903,0.4055145133188841,0.4486645251699455
02-05-24_09-02-59_stroophard.txt,2,0.31781862012849654,0.25560377416512714,0.10101204236846055,3030.260259011448,297.35403588881553,373.8333333333333,17551,0.9402726662517081,0.039530621100416836,0.19932192246584335,0.26797115505982483,0.2863335180975058,0.06497332633234182,0.32499789040587,0.42481042886086706,0.45692330178415586
02-05-24_09-02-59_stroophard.txt,2,0.401127209995823,0.29456728631867557,0.16090840221244018,4827.091157970993,265.59766393480896,374.5333333333333,16510,1.0697959368912684,0.052511242504319953,0.25516365901340027,0.3381141905542079,0.3021635225993862,0.10658793586019352,0.5107306956391751,0.6117683490613839,0.4900952758413465
