filename,patient,rmse,mav,var,energy,mnf,mdf,zc,fr,mav_arr_0,mav_arr_1,mav_arr_2,mav_arr_3,std_0,std_1,std_2,std_3
02-05-24_08-56-08_stroopeasy.txt,2,0.601780080255081,0.3615534057834762,0.3621513367030352,10864.177949754352,217.86772100164478,415.43333333333334,12887,1.566198807594696,0.08669628216882402,0.4895863466636684,0.5013222856068463,0.257608848646935,0.18016104073315659,1.073278082189142,0.9960327092845176,0.44472547695406167
02-05-24_08-56-08_stroopeasy.txt,2,0.3016157452084296,0.23865405959054856,0.09097509026064501,2729.1617327290896,261.4450265804129,383.4,13911,1.2201661732392242,0.04611080584425573,0.26344663377716954,0.31884749260537,0.2131492899630589,0.07287648753047676,0.41332707217188863,0.5135900419244116,0.3422970494829365
02-05-24_08-56-08_stroopeasy.txt,2,0.3097420423866681,0.24605998777015886,0.09594333093289557,2878.203984655934,260.4840549498413,383.23333333333335,13889,1.221457986123238,0.04790808379443227,0.26782028851507206,0.32801692120677034,0.2194412013791854,0.07721996280891846,0.42739846755318306,0.5310204884004526,0.35229104301599123
02-05-24_08-56-08_stroopeasy.txt,2,0.35075618586909163,0.28249866143755414,0.12303400305886805,3690.8970577629825,259.2658169680845,386.56666666666666,13612,1.260489438144245,0.05598847539684493,0.2792901586619693,0.3885376668889369,0.248069321325067,0.08948880774628026,0.4576583581293361,0.6185469551587632,0.39859866533286614
02-05-24_08-56-08_stroopeasy.txt,2,0.3767419304935666,0.3092085615428176,0.141939213499136,4258.03446576058,287.1295755953045,376.23333333333335,16875,1.0133660621474643,0.048553852136342585,0.22239852662167547,0.3531263206874764,0.33384805920893723,0.07918532178876707,0.36155228281807583,0.5714969746914548,0.5236440453845631
02-05-24_08-56-08_stroopeasy.txt,2,0.3760430648532494,0.30805873835251135,0.14141310039423827,4242.251598726753,311.19255608643465,377.7,20048,0.8797333516575108,0.041519436947727854,0.21166010408948835,0.2808082955944391,0.37661175563747057,0.06802181416118912,0.343421121629411,0.4533981674334248,0.5864887319910544
02-05-24_08-56-08_stroopeasy.txt,2,0.47758179635611436,0.34117611451652397,0.22809197527657563,6842.531166321992,275.92372604558204,381.7,19694,1.0596571961560488,0.05273511927562679,0.28135905932769506,0.325392852111806,0.38086770263468395,0.1133020605660264,0.6706727061634628,0.628700066488174,0.6043005883463355
