patient,rmse,mav,var,energy,mnf,mdf,zc,fr,mav_arr_0,mav_arr_1,mav_arr_2,mav_arr_3,std_0,std_1,std_2,std_3
4.0,1.2430174702340537,0.5765346260304636,1.5451439361049368,46352.772939212,259.15636448592545,390.1666666666667,14244.0,1.1917913002063523,0.13182479959328589,0.5782099011998714,0.8430971528276751,0.5143879079807082,0.2703101602846892,1.3201722716087512,1.91034303008322,1.2310769549347482
4.0,1.1045894857890663,0.5285720870009938,1.220158604069223,36603.53796347262,261.946115286727,391.5,14271.0,1.1795113313967591,0.1270825897039845,0.5121814136892475,0.7691346967750913,0.49805279197187036,0.2463574255975674,1.0993954422217602,1.674695420214624,1.1519615499510039
4.0,0.43214362638226833,0.28972548674831267,0.18675433896744975,5602.443414684525,266.8075238352775,387.26666666666665,14709.0,1.2102593501092342,0.06204732185163294,0.25231020164356505,0.40358424216314936,0.2786407584493879,0.10379390013064717,0.44028401480378226,0.7129023549937964,0.5001655308708864
4.0,0.35079790325192295,0.22650431649339728,0.12306327103497999,3691.7750677783647,257.2612127881897,390.8333333333333,14600.0,1.211279629348372,0.049229188743420485,0.20745986196881028,0.319603738961263,0.20915307496012653,0.09632458600381892,0.3865578766390036,0.584084328756237,0.37834997723096714
4.0,0.3455923744067454,0.22823286277972119,0.11943807051710933,3583.022677442763,256.6963159087662,393.3333333333333,13855.0,1.2482080569244312,0.04954105082606249,0.21121079923564234,0.33215895173171156,0.20589765268731747,0.08298583537097727,0.3584688859973629,0.5941762315294847,0.369975071123857
4.0,0.4371553949546713,0.2605134519374502,0.1911112097116317,5733.1451801392395,259.88336481758733,389.2,13864.0,1.233512008318556,0.056463875007204935,0.2513508063950547,0.3743725193241253,0.23544986771229218,0.1030904925219185,0.48595763029533456,0.7098499869446858,0.45898280264248764
4.0,1.0404718262442503,0.5872823180053605,1.0826177084649942,32477.44863624136,259.3279777701706,391.46666666666664,13380.0,1.1863032433900644,0.12596994305046733,0.5518740804147485,0.848031789740866,0.5197018237647457,0.23206348887497777,1.055443697448742,1.682452147435999,1.0880646049960387
