filename,patient,rmse,mav,var,energy,mnf,mdf,zc,fr,mav_arr_0,mav_arr_1,mav_arr_2,mav_arr_3,std_0,std_1,std_2,std_3
04-05-23_16-51-00_stroophard.txt,4,1.2430174702339953,0.5765346260304367,1.5451439361047916,46352.77293920764,259.1563644859254,390.1666666666667,14244,1.1917913002063523,0.13182479959327995,0.5782099011998438,0.8430971528276359,0.514387907980684,0.2703101602846759,1.3201722716086877,1.910343030083131,1.2310769549346905
04-05-23_16-51-00_stroophard.txt,4,1.1045894857890146,0.5285720870009691,1.2201586040691088,36603.53796346919,261.946115286727,391.5,14271,1.1795113313967593,0.12708258970397843,0.5121814136892232,0.7691346967750556,0.49805279197184704,0.24635742559755522,1.099395442221708,1.6746954202145463,1.15196154995095
04-05-23_16-51-00_stroophard.txt,4,0.4321436263822481,0.2897254867482991,0.18675433896743232,5602.443414684002,266.80752383527744,387.26666666666665,14709,1.2102593501092345,0.062047321851630116,0.2523102016435531,0.4035842421631306,0.27864075844937486,0.10379390013064241,0.44028401480376145,0.7129023549937633,0.500165530870863
04-05-23_16-51-00_stroophard.txt,4,0.3507979032519066,0.22650431649338665,0.12306327103496849,3691.7750677780195,257.26121278818977,390.8333333333333,14600,1.211279629348372,0.049229188743418174,0.20745986196880045,0.31960373896124816,0.20915307496011679,0.09632458600381437,0.3865578766389853,0.5840843287562099,0.3783499772309495
04-05-23_16-51-00_stroophard.txt,4,0.34559237440672924,0.22823286277971053,0.11943807051709816,3583.0226774424277,256.6963159087661,393.3333333333333,13855,1.2482080569244312,0.04954105082606022,0.21121079923563224,0.3321589517316961,0.2058976526873078,0.08298583537097363,0.3584688859973457,0.5941762315294571,0.3699750711238397
04-05-23_16-51-00_stroophard.txt,4,0.43715539495465083,0.260513451937438,0.19111120971161383,5733.145180138703,259.88336481758733,389.2,13864,1.233512008318556,0.05646387500720237,0.25135080639504276,0.37437251932410787,0.23544986771228116,0.10309049252191406,0.4859576302953113,0.7098499869446527,0.4589828026424662
04-05-23_16-51-00_stroophard.txt,4,1.0404718262442016,0.587282318005333,1.082617708464893,32477.448636238325,259.32797777017055,391.46666666666664,13380,1.1863032433900642,0.12596994305046152,0.5518740804147223,0.8480317897408268,0.5197018237647213,0.23206348887496686,1.0554436974486916,1.6824521474359209,1.0880646049959877
