patient,rmse,mav,var,energy,mnf,mdf,zc,fr,mav_arr_0,mav_arr_1,mav_arr_2,mav_arr_3,std_0,std_1,std_2,std_3
9.0,0.4045933097271325,0.1647888355127657,0.16370120298272145,4910.872388278661,209.57923652753135,421.96666666666664,12808.0,1.5883167195485535,0.03906232486996712,0.21886279044213966,0.2407061682412293,0.1110812915973607,0.1057274804723803,0.6235053443347357,0.6499722332414485,0.26552114628754453
9.0,0.7902933372899634,0.37122041148439866,0.6245843784441893,18736.906768947236,205.45002939343388,419.93333333333334,13165.0,1.5752238142365793,0.12462522506699379,0.5389620516667427,0.5329095203660125,0.23848455071924313,0.3262108682591954,1.3763410175029105,1.2476737102653082,0.509600411324106
9.0,0.1685336844525221,0.12541246189984548,0.02840454961346274,852.1080838542687,263.58342478788444,380.56666666666666,15523.0,1.192616861784379,0.023465188300769588,0.129597159830864,0.15666033973981405,0.11808946870579357,0.04013845828186644,0.22970680673733107,0.2708334195790583,0.19146144472785184
9.0,0.2340092837898785,0.14197331816304817,0.05476217030552875,1642.8103469955568,230.6811480504376,402.0333333333333,14345.0,1.4374756585833608,0.031729293127110064,0.1652977522478667,0.19140900606697803,0.1156226919535524,0.07058414470345695,0.37527950367683804,0.38264548237246265,0.19793405854791268
9.0,0.10541144694379517,0.08274881690704576,0.011111943544902709,333.3471944035364,278.5434593409384,376.3,15637.0,1.097127471802675,0.014670180360474074,0.08149137178883042,0.09979069052128933,0.08224584234650557,0.024076137959111638,0.13285370108375738,0.1640793387219398,0.13384913739875817
9.0,0.12116714536752361,0.09110496190411767,0.014681966515398447,440.444313495438,270.68086000518537,380.6333333333333,15368.0,1.155545595434012,0.01649601058378181,0.09534743948865936,0.11258311686497598,0.08702467172660186,0.027268035496681584,0.16888165453611761,0.18854312268195728,0.14293178939748344
9.0,0.10032275190454261,0.07894010582984633,0.01006499004936872,301.9396364910122,272.1370260731114,379.6,15091.0,1.144888916478266,0.014184330170281053,0.0787090307495905,0.09982499749347794,0.07647256564158325,0.02274017399340149,0.12997775783102505,0.16143908966197842,0.1231757687195315
