filename,patient,rmse,mav,var,energy,mnf,mdf,zc,fr,mav_arr_0,mav_arr_1,mav_arr_2,mav_arr_3,std_0,std_1,std_2,std_3
09-05-27_08-16-57_rest.txt,9,0.7902933372895543,0.3712204114842067,0.6245843784435428,18736.906768927838,205.45002939343405,419.93333333333334,13165,1.5752238142365764,0.12462522506692886,0.538962051666463,0.5329095203657374,0.23848455071912,0.32621086825902473,1.376341017502195,1.2476737102646638,0.5096004113238429
09-05-27_08-16-57_rest.txt,9,0.16853368445243505,0.12541246189978073,0.0284045496134334,852.1080838533885,263.58342478788444,380.56666666666666,15523,1.192616861784379,0.02346518830075746,0.12959715983079695,0.15666033973973317,0.11808946870573259,0.04013845828184564,0.2297068067372122,0.2708334195789185,0.19146144472775298
09-05-27_08-16-57_rest.txt,9,0.2340092837897577,0.14197331816297484,0.0547621703054722,1642.8103469938605,230.68114805043766,402.0333333333333,14345,1.4374756585833601,0.031729293127093626,0.1652977522477812,0.19140900606687922,0.1156226919534927,0.07058414470342042,0.3752795036766439,0.3826454823722651,0.1979340585478105
09-05-27_08-16-57_rest.txt,9,0.10541144694374076,0.08274881690700302,0.011111943544891234,333.34719440319213,278.5434593409384,376.3,15637,1.097127471802675,0.014670180360466488,0.08149137178878828,0.09979069052123782,0.0822458423464631,0.02407613795909919,0.13285370108368866,0.16407933872185512,0.13384913739868903
09-05-27_08-16-57_rest.txt,9,0.12116714536746104,0.09110496190407062,0.01468196651538328,440.444313494983,270.68086000518537,380.6333333333333,15368,1.1555455954340117,0.016496010583773268,0.09534743948861003,0.11258311686491788,0.08702467172655691,0.02726803549666744,0.16888165453603024,0.18854312268185994,0.14293178939740964
09-05-27_08-16-57_rest.txt,9,0.10032275190449079,0.07894010582980557,0.010064990049358322,301.9396364907003,272.1370260731114,379.6,15091,1.1448889164782663,0.014184330170273702,0.0787090307495498,0.09982499749342642,0.07647256564154375,0.022740173993389696,0.12997775783095786,0.1614390896618951,0.12317576871946788
09-05-25_08-18-28_rest.txt,9,0.40459330972713364,0.16478883551276613,0.1637012029827224,4910.872388278689,209.5792365275314,421.96666666666664,12808,1.5883167195485535,0.03906232486996704,0.21886279044214005,0.24070616824123006,0.111081291597361,0.10572748047237987,0.6235053443347371,0.6499722332414506,0.26552114628754525
